Unnamed: 0,met_id
0,s_0803
1,s_0804
2,s_0805
3,s_0806
4,s_0807
5,s_0808
6,s_0809
7,s_0810
8,s_2808
9,s_2976
10,s_2994
11,s_3226
12,s_3449
13,s_3657
14,s_0793
15,s_0794
16,s_0795
17,s_0796
18,s_0797
19,s_0798
20,s_0799
21,s_0800
22,s_0801
23,s_0802
24,s_2783
25,s_3094
26,s_3146
27,s_3164
28,s_1275
29,s_1276
30,s_1277
31,s_1278
32,s_1279
33,s_2817
34,s_0837
35,s_0838
36,s_0839
37,s_0840
38,s_0419
39,s_0420
40,s_0421
41,s_1322
42,s_1323
43,s_1324
44,s_1325
45,s_1326
46,s_1329
47,s_2966
48,s_2977
49,s_2995
50,s_3228
51,s_3536
52,s_4293
53,s_0633
54,s_0635
55,s_0636
56,s_0637
57,s_0638
58,s_2834
59,s_2860
60,s_3095
61,s_4157
62,s_1467
63,s_1468
64,s_4016
66,s_3906
67,s_4263
68,s_4010
69,s_4113
70,s_4159
71,s_1373
72,s_1374
73,s_3776
74,s_1437
75,s_1438
76,s_3775
77,s_3777
78,s_3778
79,s_3926
80,s_4200
81,s_4013
82,s_4014
83,s_4204
84,s_3801
85,s_3802
86,s_4202
87,s_3822
88,s_3823
89,s_4026
90,s_4027
91,s_4203
92,s_3880
93,s_3882
94,s_4197
95,s_4199
96,s_4019
97,s_4020
98,s_4201
99,s_0924
100,s_0925
101,s_0926
102,s_3855
103,s_3936
104,s_4031
105,s_0434
106,s_0435
107,s_0437
108,s_0438
109,s_0439
110,s_2831
111,s_2840
112,s_2856
113,s_3341
114,s_3359
115,s_3881
116,s_4196
117,s_0394
118,s_0395
119,s_0397
120,s_0398
121,s_0399
122,s_3324
123,s_3342
124,s_3360
125,s_3883
126,s_3987
127,s_4198
128,s_0423
129,s_0424
130,s_0425
131,s_0426
132,s_2833
133,s_2842
134,s_2859
135,s_4160
140,s_2818
141,s_3753
147,s_2820
148,s_1212
149,s_1213
150,s_1214
151,s_1215
152,s_2799
153,s_2952
154,s_1207
155,s_1208
156,s_1210
157,s_1211
158,s_2800
159,s_2953
160,s_0689
161,s_0690
162,s_0687
163,s_0688
